{"cameraMode":{"drawMode":0,"name":"Shaded","section":"Shading Mode"},"sceneLighting":false,"audioPlay":false,"sceneViewState":{"m_AlwaysRefresh":false,"showFog":true,"showSkybox":false,"showFlares":true,"showImageEffects":true,"showParticleSystems":true,"showVisualEffectGraphs":true,"m_FxEnabled":true},"in2DMode":false,"pivot":{"x":3.0810110569000246,"y":3.4120547771453859,"z":-1.5962581634521485},"rotation":{"x":0.6450357437133789,"y":-0.02062787488102913,"z":0.017415260896086694,"w":0.7636415958404541},"size":7.1632890701293949,"orthographic":true}