{"cameraMode":{"drawMode":0,"name":"Shaded","section":"Shading Mode"},"sceneLighting":false,"audioPlay":false,"sceneViewState":{"m_AlwaysRefresh":false,"showFog":true,"showSkybox":false,"showFlares":true,"showImageEffects":true,"showParticleSystems":true,"showVisualEffectGraphs":true,"m_FxEnabled":true},"in2DMode":false,"pivot":{"x":10.479999542236329,"y":4.64361572265625,"z":-1.275681495666504},"rotation":{"x":0.41944554448127749,"y":-0.013617736287415028,"z":0.006287612020969391,"w":0.9076253175735474},"size":0.8660253882408142,"orthographic":false}