{"cameraMode":{"drawMode":0,"name":"Shaded","section":"Shading Mode"},"sceneLighting":true,"audioPlay":false,"sceneViewState":{"m_AlwaysRefresh":false,"showFog":true,"showSkybox":true,"showFlares":true,"showImageEffects":true,"showParticleSystems":true,"showVisualEffectGraphs":true,"m_FxEnabled":true},"in2DMode":false,"pivot":{"x":-0.4509575366973877,"y":13.542058944702149,"z":-0.43056178092956545},"rotation":{"x":0.7034488916397095,"y":-0.02556658536195755,"z":0.025332842022180558,"w":0.7098081111907959},"size":2.520575761795044,"orthographic":false}